"","1","2","3","4","5"
"ID",0,1,2,3,4
"PUBID",1,2,3,4,5
"REGION",2,3,1,3,3
"CENDIV",4,5,1,7,7
"PBA",26,23,15,18,2
"FREESTN",1,1,1,1,1
"SQFT",2400,114000,2550,5e+05,30000
"SQFTC",2,7,2,8,5
"WLCNS",4,3,4,6,3
"RFCNS",2,6,4,1,6
"RFCOOL",2,1,2,2,2
"RFTILT",2,1,2,1,1
"BLDSHP",2,6,2,9,1
"GLSSPC",1,2,4,5,2
"EQGLSS",2,2,1,1,2
"SUNGLS",1,2,NA,NA,1
"NFLOOR",1,1,1,994,2
"BASEMNT",NA,NA,NA,1,0
"FLCEILHT",8,12,12,8,14
"ATTIC",2,2,2,2,2
"ELEVTR",NA,NA,NA,1,1
"NELVTR",NA,NA,NA,9,1
"ESCLTR",NA,NA,NA,1,2
"NESLTR",NA,NA,NA,4,NA
"YRCON",1975,1985,1958,1983,1972
"YRCONC",5,6,3,6,5
"MONCON",NA,NA,NA,NA,NA
"RENOV",1,1,2,1,2
"RENADD",2,2,2,1,2
"RENRDC",2,2,2,2,2
"RENCOS",2,1,2,1,2
"RENINT",2,2,2,2,2
"RENRFF",1,1,2,2,2
"RENWLL",2,2,2,2,2
"RENWIN",2,2,2,2,2
"RENHVC",2,1,2,1,2
"RENLGT",2,2,2,2,2
"RENPLB",2,2,2,2,2
"RENELC",2,2,2,2,2
"RENINS",2,2,2,2,2
"RENSAF",2,2,2,1,2
"RENSTR",2,2,2,2,2
"RENOTH",2,2,2,2,2
"ONEACT",1,1,1,1,2
"ACT1",NA,NA,NA,NA,11
"ACT2",NA,NA,NA,NA,13
"ACT3",NA,NA,NA,NA,NA
"ACT1PCT",NA,NA,NA,NA,50
"ACT2PCT",NA,NA,NA,NA,50
"ACT3PCT",NA,NA,NA,NA,NA
"PBAPLUS",47,50,34,38,6
"DRYCL",NA,NA,NA,NA,NA
"VACANT",NA,NA,NA,NA,NA
"CUBE",NA,NA,NA,NA,2
"CUBEC",NA,NA,NA,NA,NA
"CUBELOC",NA,NA,NA,NA,NA
"RWSEAT",NA,NA,NA,NA,NA
"PBSEAT",NA,NA,NA,NA,NA
"EDSEAT",NA,NA,NA,NA,NA
"FDSEAT",NA,NA,0,NA,NA
"HCBED",NA,NA,NA,NA,NA
"NRSBED",NA,NA,NA,NA,NA
"LODGRM",NA,NA,NA,400,NA
"COURT",NA,NA,NA,NA,NA
"FACIL",2,2,1,1,1
"FEDFAC",NA,NA,2,2,2
"FACACT",NA,NA,15,9,8
"MANIND",NA,NA,NA,NA,NA
"PLANT",NA,NA,2,1,1
"FACDST",NA,NA,NA,2,2
"FACDHW",NA,NA,NA,1,1
"FACDCW",NA,NA,NA,1,1
"FACELC",NA,NA,NA,2,1
"BLDPLT",NA,NA,NA,2,2
"GOVOWN",1,2,2,2,2
"GOVTYP",3,NA,NA,NA,NA
"OWNTYPE",10,1,5,3,4
"NOCC",1,15,1,1,1
"NOCCAT",2,5,2,2,2
"OWNOCC",1,2,1,1,1
"OWNOPR",1,2,1,1,1
"OWNPPR",1,NA,1,1,1
"NWNPPR",NA,NA,NA,NA,NA
"NWNOPR",NA,2,NA,NA,NA
"WHOPPR",NA,2,NA,NA,NA
"MONUSE",12,12,3,12,12
"OCCUPYP",NA,42,NA,NA,100
"LODOCCP",NA,NA,NA,56,NA
"OPEN24",2,2,2,1,2
"OPNMF",2,1,1,1,1
"OPNWE",2,1,2,1,1
"WKHRS",16,72,40,168,65
"WKHRSC",2,5,3,7,5
"NWKER",2,52,10,165,19
"NWKERC",2,6,4,7,4
"HT1",1,1,2,1,1
"HT2",1,1,2,1,2
"COOL",1,1,2,1,1
"WATR",1,1,1,1,1
"COOK",2,1,1,1,2
"MANU",2,2,2,2,2
"CAPGEN",2,2,2,1,1
"GENR",2,2,2,1,1
"ANYEGY",NA,NA,NA,NA,NA
"ELUSED",1,1,1,1,1
"NGUSED",2,1,2,1,2
"FKUSED",1,2,2,1,1
"FKTYPE",1,NA,NA,9,2
"PRUSED",1,2,1,2,2
"STUSED",2,2,2,2,2
"HWUSED",2,2,2,1,1
"CWUSED",2,2,2,1,1
"WOUSED",2,2,2,2,2
"COUSED",2,2,2,2,2
"SOUSED",2,2,2,2,2
"OTUSED",2,2,2,2,2
"ELHT1",2,2,2,2,2
"NGHT1",NA,1,NA,2,NA
"FKHT1",2,NA,NA,2,2
"PRHT1",1,NA,2,NA,NA
"STHT1",NA,NA,NA,NA,NA
"HWHT1",NA,NA,NA,1,1
"WOHT1",NA,NA,NA,NA,NA
"COHT1",NA,NA,NA,NA,NA
"SOHT1",NA,NA,NA,NA,NA
"OTHT1",NA,NA,NA,NA,NA
"ELHT2",1,1,2,1,2
"NGHT2",NA,2,NA,2,NA
"FKHT2",2,NA,NA,2,2
"PRHT2",2,NA,2,NA,NA
"STHT2",NA,NA,NA,NA,NA
"HWHT2",NA,NA,NA,2,2
"WOHT2",NA,NA,NA,NA,NA
"COHT2",NA,NA,NA,NA,NA
"SOHT2",NA,NA,NA,NA,NA
"OTHT2",NA,NA,NA,NA,NA
"HEATP",100,100,NA,100,100
"HTLS50",NA,NA,NA,NA,NA
"FURNAC",2,2,NA,2,2
"PKGHT",2,1,NA,1,1
"BOILER",2,2,NA,2,2
"STHW",2,2,NA,1,1
"HTPMPH",2,2,NA,2,2
"SLFCON",1,2,NA,1,2
"OTHTEQ",2,2,NA,2,2
"FURNP",NA,NA,NA,NA,NA
"PKGHP",NA,100,NA,100,100
"BOILP",NA,NA,NA,NA,NA
"STHWP",NA,NA,NA,100,100
"HTPHP",NA,NA,NA,NA,NA
"SLFCNP",100,NA,NA,10,NA
"OTHTP",NA,NA,NA,NA,NA
"MAINHT",6,2,NA,4,4
"NWMNHT",2,1,NA,NA,NA
"PKGHTTYP",NA,1,NA,1,1
"PKGFURN",NA,1,NA,2,2
"PKGHTP",NA,2,NA,2,2
"PKGCOIL",NA,1,NA,1,1
"PKGPIU",NA,2,NA,1,2
"PKGDUCT",NA,2,NA,2,2
"BLRRAD",NA,NA,NA,NA,NA
"BLRFNCL",NA,NA,NA,NA,NA
"BLRINDC",NA,NA,NA,NA,NA
"BLRLOOP",NA,NA,NA,NA,NA
"BLRAIR",NA,NA,NA,NA,NA
"BLRPKG",NA,NA,NA,NA,NA
"BLRDUCT",NA,NA,NA,NA,NA
"DHRAD",NA,NA,NA,2,2
"DHFNCL",NA,NA,NA,1,1
"DHINDC",NA,NA,NA,2,2
"DHLOOP",NA,NA,NA,2,1
"DHAIR",NA,NA,NA,1,2
"DHPKG",NA,NA,NA,2,2
"DHDUCT",NA,NA,NA,2,2
"HPHPKG",NA,NA,NA,NA,NA
"HPHSPLT",NA,NA,NA,NA,NA
"HPHROOM",NA,NA,NA,NA,NA
"HPHMINI",NA,NA,NA,NA,NA
"HPHVRF",NA,NA,NA,NA,NA
"HPHAIR",NA,NA,NA,NA,NA
"HPHGRD",NA,NA,NA,NA,NA
"HPHDUAL",NA,NA,NA,NA,NA
"HPHWTR",NA,NA,NA,NA,NA
"HPHBKUP",NA,NA,NA,NA,NA
"SHRDNT",2,NA,NA,2,NA
"SHBBRD",2,NA,NA,1,NA
"SHPORT",2,NA,NA,1,NA
"SHWALL",2,NA,NA,2,NA
"SHFURN",1,NA,NA,2,NA
"SHUNIT",2,NA,NA,2,NA
"SHPTAC",2,NA,NA,2,NA
"OTSTRP",NA,NA,NA,NA,NA
"OTDUCT",NA,NA,NA,NA,NA
"OTPIU",NA,NA,NA,NA,NA
"HTVCAV",NA,1,NA,1,1
"HTVVAV",NA,2,NA,2,2
"HTVFLR",NA,2,NA,2,2
"HTVOAS",NA,2,NA,2,2
"HTVDEM",NA,2,NA,2,2
"HTVNON",NA,2,NA,2,2
"ELCOOL",1,1,2,1,1
"NGCOOL",NA,2,NA,2,NA
"FKCOOL",2,NA,NA,2,2
"PRCOOL",2,NA,2,NA,NA
"STCOOL",NA,NA,NA,NA,NA
"HWCOOL",NA,NA,NA,2,2
"CWCOOL",NA,NA,NA,1,1
"OTCOOL",NA,NA,NA,NA,NA
"COOLP",25,100,NA,100,100
"RCAC",2,2,NA,2,2
"PKGCL",2,1,NA,1,1
"CHILLR",2,2,NA,2,2
"CHWT",2,2,NA,1,1
"HTPMPC",2,2,NA,2,2
"ACWNWL",1,2,NA,2,2
"EVAPCL",2,2,NA,2,2
"OTCLEQ",2,2,NA,2,2
"RCACP",NA,NA,NA,NA,NA
"PKGCP",NA,100,NA,16,3
"CHILP",NA,NA,NA,NA,NA
"CHWTP",NA,NA,NA,85,97
"HTPCP",NA,NA,NA,NA,NA
"ACWNWP",100,NA,NA,NA,NA
"EVAPP",NA,NA,NA,NA,NA
"OTCLP",NA,NA,NA,NA,NA
"MAINCL",6,2,NA,4,4
"NWMNCL",2,1,NA,NA,NA
"PKGCLTYP",NA,1,NA,1,1
"CHLAIRCL",NA,NA,NA,NA,NA
"CHLWTRCL",NA,NA,NA,NA,NA
"CHLABSRP",NA,NA,NA,NA,NA
"HTRCHLR",NA,NA,NA,NA,NA
"CHLAIR",NA,NA,NA,NA,NA
"CHLFNCL",NA,NA,NA,NA,NA
"CHLINDC",NA,NA,NA,NA,NA
"CHLLOOP",NA,NA,NA,NA,NA
"CHLBEAM",NA,NA,NA,NA,NA
"CHLPKG",NA,NA,NA,NA,NA
"CHLDUCT",NA,NA,NA,NA,NA
"DCWAIR",NA,NA,NA,1,1
"DCWFNCL",NA,NA,NA,1,1
"DCWINDC",NA,NA,NA,1,2
"DCWLOOP",NA,NA,NA,2,2
"DCWBEAM",NA,NA,NA,2,2
"DCWPKG",NA,NA,NA,1,2
"DCWDUCT",NA,NA,NA,2,2
"HPCPKG",NA,NA,NA,NA,NA
"HPCSPLT",NA,NA,NA,NA,NA
"HPCROOM",NA,NA,NA,NA,NA
"HPCMINI",NA,NA,NA,NA,NA
"HPCVRF",NA,NA,NA,NA,NA
"HPCAIR",NA,NA,NA,NA,NA
"HPCGRD",NA,NA,NA,NA,NA
"HPCDUAL",NA,NA,NA,NA,NA
"HPCWTR",NA,NA,NA,NA,NA
"CLVCAV",NA,1,NA,1,1
"CLVVAV",NA,2,NA,2,1
"CLVFLR",NA,2,NA,2,2
"CLVOAS",NA,2,NA,2,1
"CLVDEM",NA,2,NA,2,2
"CLVNON",NA,2,NA,2,2
"EMCS",2,1,NA,1,1
"RDHTNF",1,1,NA,2,2
"HWRDHT",3,1,NA,NA,NA
"RDCLNF",1,1,NA,2,2
"HWRDCL",4,1,NA,NA,NA
"ECN",NA,2,NA,1,2
"ECNTYPE",NA,NA,NA,1,NA
"MAINT",NA,1,NA,1,1
"ELWATR",1,1,1,2,2
"NGWATR",NA,1,NA,1,NA
"FKWATR",2,NA,NA,2,2
"PRWATR",2,NA,1,NA,NA
"STWATR",NA,NA,NA,NA,NA
"HWWATR",NA,NA,NA,2,1
"WOWATR",NA,NA,NA,NA,NA
"COWATR",NA,NA,NA,NA,NA
"SOWATR",NA,NA,NA,NA,NA
"OTWATR",NA,NA,NA,NA,NA
"WTHTEQ",1,3,1,2,1
"BOOSTWT",NA,0,NA,NA,NA
"INSTWT",NA,NA,NA,1,NA
"ELCOOK",2,1,2,1,2
"NGCOOK",NA,2,NA,1,NA
"FKCOOK",2,NA,NA,2,2
"PRCOOK",2,NA,1,NA,NA
"STCOOK",NA,NA,NA,NA,NA
"HWCOOK",NA,NA,NA,2,2
"WOCOOK",NA,NA,NA,NA,NA
"COCOOK",NA,NA,NA,NA,NA
"SOCOOK",NA,NA,NA,NA,NA
"OTCOOK",NA,NA,NA,NA,NA
"ELMANU",2,2,2,2,2
"NGMANU",NA,2,NA,2,NA
"FKMANU",2,NA,NA,2,2
"PRMANU",2,NA,2,NA,NA
"STMANU",NA,NA,NA,NA,NA
"HWMANU",NA,NA,NA,2,2
"WOMANU",NA,NA,NA,NA,NA
"COMANU",NA,NA,NA,NA,NA
"SOMANU",NA,NA,NA,NA,NA
"OTMANU",NA,NA,NA,NA,NA
"NGGENR",NA,2,NA,2,NA
"FKGENR",2,NA,NA,1,1
"PRGENR",2,NA,2,NA,NA
"WOGENR",NA,NA,NA,NA,NA
"COGENR",NA,NA,NA,NA,NA
"SOGENR",NA,NA,NA,NA,NA
"OTGENR",NA,NA,NA,NA,NA
"PVC",NA,NA,NA,2,2
"FUELCL",NA,NA,NA,2,2
"LRGTRB",NA,NA,NA,2,2
"MCROTB",NA,NA,NA,2,2
"ENGINE",NA,NA,NA,2,2
"GENUSE",NA,NA,NA,1,1
"COGEN",NA,NA,NA,NA,NA
"TOGRID",NA,NA,NA,NA,NA
"NGOTH",NA,2,NA,2,NA
"FKOTH",1,NA,NA,2,2
"PROTH",2,NA,2,NA,NA
"STOTH",NA,NA,NA,NA,NA
"HWOTH",NA,NA,NA,2,2
"CWOTH",NA,NA,NA,2,2
"WOOTH",NA,NA,NA,NA,NA
"COOTH",NA,NA,NA,NA,NA
"SOOTH",NA,NA,NA,NA,NA
"OTOTH",NA,NA,NA,NA,NA
"ELLOCUT",1,NA,1,1,2
"ELNONLU",2,NA,2,2,2
"ELOTSRC",2,NA,2,2,1
"ELCPLT",2,NA,2,2,2
"ELLUPCT",NA,NA,NA,NA,NA
"NGSRC",NA,NA,NA,1,NA
"PRAMTC",4,NA,3,NA,NA
"PRUNIT",1,NA,1,NA,NA
"WOAMT",NA,NA,NA,NA,NA
"WOSRC",NA,NA,NA,NA,NA
"WOEXP",NA,NA,NA,NA,NA
"WOEXPC",NA,NA,NA,NA,NA
"AMIMETER",2,2,2,2,2
"ENRGYPLN",2,2,NA,1,2
"SNACK",NA,2,NA,1,NA
"FASTFD",NA,1,NA,1,NA
"CAF",NA,2,NA,1,NA
"FDPREP",NA,2,NA,1,NA
"KITCHN",NA,2,NA,2,NA
"BREAKRM",NA,2,NA,1,NA
"OTFDRM",NA,2,NA,2,NA
"HWTRM",2,2,2,1,1
"LAUNDR",NA,NA,NA,1,NA
"CONFSP",NA,NA,NA,1,NA
"CONFSPP",NA,NA,NA,12,NA
"MEDEQP",NA,2,NA,NA,1
"XRAYN",NA,NA,NA,NA,0
"CTSCAN",NA,NA,NA,NA,2
"MRI",NA,NA,NA,NA,2
"LINACC",NA,NA,NA,NA,2
"OUTSURG",NA,NA,NA,NA,NA
"LABEQP",2,2,NA,NA,2
"MCHEQP",1,1,NA,NA,NA
"POOL",NA,NA,NA,2,NA
"HTPOOL",NA,NA,NA,NA,NA
"POOLSRC",NA,NA,NA,NA,NA
"STRLZR",NA,NA,2,2,2
"RFGEQP",1,1,1,1,1
"RFGRES",1,1,1,2,1
"RFGCOMP",2,1,2,1,1
"RFGWI",2,1,1,1,2
"RFGOP",2,1,2,1,2
"RFGCL",2,1,2,1,2
"RFGVEN",2,2,2,2,2
"RFGICE",2,1,2,1,2
"RFGSTO",2,2,2,2,2
"RFGRSN",1,8,1,NA,3
"RFGCOMPN",NA,10,NA,8,2
"RFGWIN",NA,2,1,12,NA
"RFGOPN",NA,2,NA,3,NA
"RFGCLN",NA,4,NA,17,NA
"RFGVNN",NA,NA,NA,NA,NA
"RFGICN",NA,2,NA,21,NA
"RFGSTP",NA,NA,NA,NA,NA
"WHRECOV",NA,2,NA,2,NA
"WHHT2",NA,NA,NA,NA,NA
"WHWT",NA,NA,NA,NA,NA
"WHOT",NA,NA,NA,NA,NA
"PCTERM",1,1,2,1,1
"PCTERMN",2,23,0,50,26
"PCTRMC",1,4,0,5,4
"MLTMON",2,1,NA,1,1
"MLTMNC",NA,4,NA,4,4
"FLATC",1,1,NA,1,1
"LAPTPN",0,7,0,5,13
"LAPTPC",0,2,0,2,3
"PRNTRN",2,17,NA,99,20
"PRNTYP",4,1,NA,4,2
"SERVER",2,1,2,1,1
"SERVERN",0,7,0,4,10
"SERVERC",0,2,0,1,3
"DATACNTR",NA,2,NA,2,1
"DCNTRSFC",NA,NA,NA,NA,1
"TRNGRM",NA,2,NA,2,1
"STDNRM",NA,2,NA,2,2
"WBOARDS",NA,2,NA,NA,2
"TVVIDEO",2,1,2,1,1
"TVVIDEON",NA,49,NA,995,1
"RGSTR",2,1,2,1,2
"RGSTRN",NA,16,NA,8,NA
"COPIER",1,1,2,1,1
"COPIERN",1,3,NA,10,2
"FAX",1,1,2,1,1
"LTOHRP",100,74,100,90,100
"LOHRPC",4,3,4,4,4
"LTNR24",NA,NA,NA,1,NA
"LTNHRP",50,16,0,80,35
"LNHRPC",2,1,5,4,2
"RDLTNF",1,1,1,1,1
"FLUOR",1,1,1,1,1
"CFLR",2,1,2,1,2
"BULB",2,1,2,1,2
"HALO",2,1,2,1,2
"HID",2,2,2,1,2
"LED",2,1,2,2,2
"OTLT",2,2,2,2,2
"FLUORP",100,87,100,40,100
"CFLRP",NA,7,NA,15,NA
"BULBP",NA,1,NA,60,NA
"HALOP",NA,4,NA,20,NA
"HIDP",NA,NA,NA,5,NA
"LEDP",NA,2,NA,NA,NA
"OTLTP",NA,NA,NA,NA,NA
"EMCSLT",NA,1,NA,2,2
"SCHED",2,1,2,2,2
"OCSN",2,1,2,2,2
"DIM",2,1,2,2,2
"DAYHARV",2,2,2,2,2
"TRIM",2,2,2,2,2
"PLGCTRL",2,2,2,2,2
"DRLGHT",2,1,2,2,2
"LTEXPC",2,1,1,2,4
"PKLT",2,1,2,1,1
"WINTYP",1,3,1,3,1
"TINT",2,1,2,2,1
"REFL",2,2,2,1,2
"AWN",2,1,2,2,2
"SKYLT",2,1,2,1,2
"DAYLTP",0,19,0,20,0
"ZSQFT",0,0,0,0,0
"ZSQFTC",0,0,0,0,0
"ZWLCNS",0,0,0,0,0
"ZRFCNS",0,0,0,0,0
"ZRFCOOL",0,0,0,0,0
"ZRFTILT",0,0,0,0,0
"ZBLDSHP",0,0,0,0,0
"ZGLSSPC",0,0,0,0,0
"ZEQGLSS",0,0,0,0,0
"ZSUNGLS",0,0,9,9,0
"ZNFLOOR",0,0,0,0,0
"ZBASEMNT",9,9,9,0,0
"ZFLCEILHT",0,0,0,0,0
"ZATTIC",0,1,0,0,0
"ZELEVTR",9,9,9,0,0
"ZNELVTR",9,9,9,0,0
"ZESCLTR",9,9,9,0,0
"ZNESLTR",9,9,9,0,9
"ZYRCON",0,0,0,0,0
"ZYRCONC",0,0,0,0,0
"ZRENOV",0,0,0,0,0
"ZRENADD",0,0,0,0,0
"ZRENRDC",0,0,0,0,0
"ZRENCOS",0,0,0,0,0
"ZRENINT",0,0,0,0,0
"ZRENRFF",0,0,0,0,0
"ZRENWLL",0,0,0,0,0
"ZRENWIN",0,0,0,0,0
"ZRENHVC",0,0,0,0,0
"ZRENLGT",0,0,0,0,0
"ZRENPLB",0,0,0,0,0
"ZRENELC",0,0,0,0,0
"ZRENINS",0,0,0,0,0
"ZRENSAF",0,0,0,0,0
"ZRENSTR",0,0,0,0,0
"ZRENOTH",0,0,0,0,0
"ZDRYCL",9,9,9,9,9
"ZCUBE",9,9,9,9,0
"ZCUBEC",9,9,9,9,9
"ZCUBELOC",9,9,9,9,9
"ZRWSEAT",9,9,9,9,9
"ZPBSEAT",9,9,9,9,9
"ZEDSEAT",9,9,9,9,9
"ZFDSEAT",9,9,0,9,9
"ZHCBED",9,9,9,9,9
"ZNRSBED",9,9,9,9,9
"ZLODGRM",9,9,9,0,9
"ZFACIL",0,0,0,0,0
"ZFEDFAC",9,9,0,0,0
"ZFACACT",9,9,0,0,0
"ZPLANT",9,9,0,0,0
"ZFACDST",9,9,9,0,0
"ZFACDHW",9,9,9,0,0
"ZFACDCW",9,9,9,0,0
"ZFACELC",9,9,9,0,0
"ZBLDPLT",9,9,9,0,0
"ZGOVOWN",0,0,0,0,0
"ZGOVTYP",0,9,9,9,9
"ZOWNTYPE",0,0,0,0,0
"ZNOCC",0,0,0,0,0
"ZNOCCAT",0,0,0,0,0
"ZOWNOCC",0,0,0,0,0
"ZOWNOPR",0,0,0,0,0
"ZOWNPPR",0,9,0,0,0
"ZNWNPPR",9,9,9,9,9
"ZNWNOPR",9,0,9,9,9
"ZWHOPPR",9,0,9,9,9
"ZMONUSE",0,2,0,0,0
"ZOCCUPYP",9,0,9,9,0
"ZLODOCCP",9,9,9,0,9
"ZOPEN24",0,2,0,0,0
"ZOPNMF",0,2,0,0,0
"ZOPNWE",0,2,0,0,0
"ZWKHRS",0,2,0,0,0
"ZWKHRSC",0,2,0,0,0
"ZNWKER",0,2,0,0,0
"ZNWKERC",0,2,0,0,0
"ZHT1",0,0,0,0,0
"ZHT2",0,0,0,0,0
"ZCOOL",0,0,0,0,0
"ZWATR",0,0,0,0,0
"ZCOOK",0,0,0,0,0
"ZMANU",0,0,0,0,0
"ZCAPGEN",0,0,0,0,0
"ZGENR",0,0,0,0,0
"ZELUSED",0,0,0,0,0
"ZNGUSED",0,0,0,0,0
"ZFKUSED",0,0,0,0,0
"ZPRUSED",0,0,0,0,0
"ZSTUSED",0,0,0,0,0
"ZHWUSED",0,0,0,0,0
"ZCWUSED",0,0,0,0,0
"ZWOUSED",0,0,0,0,0
"ZCOUSED",0,0,0,0,0
"ZSOUSED",0,0,0,0,0
"ZOTUSED",0,0,0,0,0
"ZELHT1",0,0,0,0,0
"ZNGHT1",9,0,9,0,9
"ZFKHT1",0,9,9,0,0
"ZPRHT1",0,9,0,9,9
"ZSTHT1",9,9,9,9,9
"ZHWHT1",9,9,9,0,0
"ZWOHT1",9,9,9,9,9
"ZCOHT1",9,9,9,9,9
"ZSOHT1",9,9,9,9,9
"ZOTHT1",9,9,9,9,9
"ZELHT2",0,0,0,0,0
"ZNGHT2",9,0,9,0,9
"ZFKHT2",0,9,9,0,0
"ZPRHT2",0,9,0,9,9
"ZSTHT2",9,9,9,9,9
"ZHWHT2",9,9,9,0,0
"ZWOHT2",9,9,9,9,9
"ZCOHT2",9,9,9,9,9
"ZSOHT2",9,9,9,9,9
"ZOTHT2",9,9,9,9,9
"ZHEATP",0,0,9,0,0
"ZHTLS50",9,9,9,9,9
"ZFURNAC",0,0,9,0,0
"ZPKGHT",0,0,9,0,0
"ZBOILER",0,0,9,0,0
"ZSTHW",0,0,9,0,0
"ZHTPMPH",0,0,9,0,0
"ZSLFCON",0,0,9,0,0
"ZOTHTEQ",0,0,9,0,0
"ZFURNP",9,9,9,9,9
"ZPKGHP",9,0,9,0,1
"ZBOILP",9,9,9,9,9
"ZSTHWP",9,9,9,0,1
"ZHTPHP",9,9,9,9,9
"ZSLFCNP",0,9,9,0,9
"ZOTHTP",9,9,9,9,9
"ZMAINHT",0,2,9,0,0
"ZNWMNHT",0,0,9,9,9
"ZPKGHTTYP",9,2,9,0,0
"ZPKGFURN",9,0,9,0,0
"ZPKGHTP",9,0,9,0,0
"ZPKGCOIL",9,2,9,0,0
"ZPKGPIU",9,0,9,0,0
"ZPKGDUCT",9,0,9,0,0
"ZBLRRAD",9,9,9,9,9
"ZBLRFNCL",9,9,9,9,9
"ZBLRINDC",9,9,9,9,9
"ZBLRLOOP",9,9,9,9,9
"ZBLRAIR",9,9,9,9,9
"ZBLRPKG",9,9,9,9,9
"ZBLRDUCT",9,9,9,9,9
"ZDHRAD",9,9,9,0,1
"ZDHFNCL",9,9,9,0,1
"ZDHINDC",9,9,9,0,1
"ZDHLOOP",9,9,9,0,1
"ZDHAIR",9,9,9,0,1
"ZDHPKG",9,9,9,0,1
"ZDHDUCT",9,9,9,0,1
"ZHPHPKG",9,9,9,9,9
"ZHPHSPLT",9,9,9,9,9
"ZHPHROOM",9,9,9,9,9
"ZHPHMINI",9,9,9,9,9
"ZHPHVRF",9,9,9,9,9
"ZHPHAIR",9,9,9,9,9
"ZHPHGRD",9,9,9,9,9
"ZHPHDUAL",9,9,9,9,9
"ZHPHWTR",9,9,9,9,9
"ZHPHBKUP",9,9,9,9,9
"ZSHRDNT",0,9,9,0,9
"ZSHBBRD",0,9,9,0,9
"ZSHPORT",0,9,9,0,9
"ZSHWALL",0,9,9,0,9
"ZSHFURN",0,9,9,0,9
"ZSHUNIT",0,9,9,0,9
"ZSHPTAC",0,9,9,0,9
"ZHTVCAV",9,0,9,0,0
"ZHTVVAV",9,0,9,0,0
"ZHTVFLR",9,0,9,0,0
"ZHTVOAS",9,0,9,0,0
"ZHTVDEM",9,0,9,0,0
"ZHTVNON",9,0,9,0,0
"ZELCOOL",0,0,0,0,0
"ZNGCOOL",9,0,9,0,9
"ZFKCOOL",0,9,9,0,0
"ZPRCOOL",0,9,0,9,9
"ZSTCOOL",9,9,9,9,9
"ZHWCOOL",9,9,9,0,0
"ZCWCOOL",9,9,9,0,0
"ZOTCOOL",9,9,9,9,9
"ZCOOLP",0,0,9,0,0
"ZRCAC",0,0,9,1,0
"ZPKGCL",0,0,9,0,0
"ZCHILLR",0,0,9,0,0
"ZCHWT",0,0,9,0,0
"ZHTPMPC",0,0,9,0,0
"ZACWNWL",0,0,9,0,0
"ZEVAPCL",0,0,9,0,0
"ZOTCLEQ",0,0,9,0,0
"ZRCACP",9,9,9,9,9
"ZPKGCP",9,0,9,0,0
"ZCHILP",9,9,9,9,9
"ZCHWTP",9,9,9,0,0
"ZHTPCP",9,9,9,9,9
"ZACWNWP",0,9,9,9,9
"ZEVAPP",9,9,9,9,9
"ZOTCLP",9,9,9,9,9
"ZMAINCL",0,2,9,0,0
"ZNWMNCL",0,0,9,9,9
"ZPKGCLTYP",9,2,9,0,0
"ZCHLAIRCL",9,9,9,9,9
"ZCHLWTRCL",9,9,9,9,9
"ZCHLABSRP",9,9,9,9,9
"ZHTRCHLR",9,9,9,9,9
"ZCHLAIR",9,9,9,9,9
"ZCHLFNCL",9,9,9,9,9
"ZCHLINDC",9,9,9,9,9
"ZCHLLOOP",9,9,9,9,9
"ZCHLBEAM",9,9,9,9,9
"ZCHLPKG",9,9,9,9,9
"ZCHLDUCT",9,9,9,9,9
"ZDCWAIR",9,9,9,0,0
"ZDCWFNCL",9,9,9,0,0
"ZDCWINDC",9,9,9,0,0
"ZDCWLOOP",9,9,9,0,0
"ZDCWBEAM",9,9,9,0,0
"ZDCWPKG",9,9,9,0,0
"ZDCWDUCT",9,9,9,0,0
"ZHPCPKG",9,9,9,9,9
"ZHPCSPLT",9,9,9,9,9
"ZHPCROOM",9,9,9,9,9
"ZHPCMINI",9,9,9,9,9
"ZHPCVRF",9,9,9,9,9
"ZHPCAIR",9,9,9,9,9
"ZHPCGRD",9,9,9,9,9
"ZHPCDUAL",9,9,9,9,9
"ZHPCWTR",9,9,9,9,9
"ZCLVCAV",9,0,9,0,0
"ZCLVVAV",9,0,9,0,0
"ZCLVFLR",9,0,9,0,0
"ZCLVOAS",9,0,9,0,0
"ZCLVDEM",9,0,9,0,0
"ZCLVNON",9,0,9,0,0
"ZEMCS",0,2,9,0,0
"ZRDHTNF",0,2,9,0,0
"ZHWRDHT",0,1,9,9,9
"ZRDCLNF",0,2,9,0,0
"ZHWRDCL",0,1,9,9,9
"ZECN",9,0,9,0,0
"ZECNTYPE",9,9,9,0,9
"ZMAINT",9,0,9,0,0
"ZELWATR",0,0,0,0,0
"ZNGWATR",9,0,9,0,9
"ZFKWATR",0,9,9,0,0
"ZPRWATR",0,9,0,9,9
"ZSTWATR",9,9,9,9,9
"ZHWWATR",9,9,9,0,0
"ZWOWATR",9,9,9,9,9
"ZCOWATR",9,9,9,9,9
"ZSOWATR",9,9,9,9,9
"ZOTWATR",9,9,9,9,9
"ZWTHTEQ",0,2,0,0,0
"ZBOOSTWT",9,1,9,9,9
"ZINSTWT",9,9,9,0,9
"ZELCOOK",0,0,0,0,0
"ZNGCOOK",9,2,9,0,9
"ZFKCOOK",0,9,9,0,0
"ZPRCOOK",0,9,0,9,9
"ZSTCOOK",9,9,9,9,9
"ZHWCOOK",9,9,9,0,0
"ZWOCOOK",9,9,9,9,9
"ZCOCOOK",9,9,9,9,9
"ZSOCOOK",9,9,9,9,9
"ZOTCOOK",9,9,9,9,9
"ZELMANU",0,2,0,0,0
"ZNGMANU",9,2,9,0,9
"ZFKMANU",0,9,9,0,0
"ZPRMANU",0,9,0,9,9
"ZSTMANU",9,9,9,9,9
"ZHWMANU",9,9,9,0,0
"ZWOMANU",9,9,9,9,9
"ZCOMANU",9,9,9,9,9
"ZSOMANU",9,9,9,9,9
"ZOTMANU",9,9,9,9,9
"ZNGGENR",9,2,9,0,9
"ZFKGENR",0,9,9,0,0
"ZPRGENR",0,9,0,9,9
"ZWOGENR",9,9,9,9,9
"ZCOGENR",9,9,9,9,9
"ZSOGENR",9,9,9,9,9
"ZOTGENR",9,9,9,9,9
"ZPVC",9,9,9,0,0
"ZFUELCL",9,9,9,0,0
"ZLRGTRB",9,9,9,0,0
"ZMCROTB",9,9,9,0,0
"ZENGINE",9,9,9,0,0
"ZGENUSE",9,9,9,0,0
"ZCOGEN",9,9,9,9,9
"ZTOGRID",9,9,9,9,9
"ZPRAMTC",0,9,0,9,9
"ZWOAMT",9,9,9,9,9
"ZWOSRC",9,9,9,9,9
"ZWOEXP",9,9,9,9,9
"ZWOEXPC",9,9,9,9,9
"ZENRGYPLN",0,0,9,0,0
"ZSNACK",9,2,9,0,9
"ZFASTFD",9,2,9,0,9
"ZCAF",9,2,9,0,9
"ZFDPREP",9,2,9,0,9
"ZKITCHN",9,2,9,0,9
"ZBREAKRM",9,2,9,0,9
"ZOTFDRM",9,2,9,0,9
"ZHWTRM",0,2,0,0,0
"ZLAUNDR",9,9,9,0,9
"ZCONFSP",9,9,9,0,9
"ZCONFSPP",9,9,9,0,9
"ZMEDEQP",9,0,9,9,0
"ZXRAYN",9,9,9,9,0
"ZCTSCAN",9,9,9,9,0
"ZMRI",9,9,9,9,0
"ZLINACC",9,9,9,9,0
"ZOUTSURG",9,9,9,9,9
"ZLABEQP",0,2,9,9,0
"ZMCHEQP",0,2,9,9,9
"ZPOOL",9,9,9,0,9
"ZHTPOOL",9,9,9,9,9
"ZPOOLSRC",9,9,9,9,9
"ZSTRLZR",9,9,0,0,0
"ZRFGEQP",0,2,0,0,0
"ZRFGRES",0,2,0,0,0
"ZRFGCOMP",0,2,0,0,0
"ZRFGWI",0,2,0,0,0
"ZRFGOP",0,2,0,0,0
"ZRFGCL",0,2,0,0,0
"ZRFGVEN",0,2,0,0,0
"ZRFGICE",0,2,0,0,0
"ZRFGSTO",0,2,0,0,0
"ZRFGRSN",0,2,0,9,0
"ZRFGCOMPN",9,2,9,0,0
"ZRFGWIN",9,2,0,0,9
"ZRFGOPN",9,2,9,0,9
"ZRFGCLN",9,2,9,0,9
"ZRFGVNN",9,9,9,9,9
"ZRFGICN",9,2,9,0,9
"ZRFGSTP",9,9,9,9,9
"ZWHRECOV",9,1,9,0,9
"ZWHHT2",9,9,9,9,9
"ZWHWT",9,9,9,9,9
"ZWHOT",9,9,9,9,9
"ZPCTERM",0,2,0,0,0
"ZPCTERMN",0,2,0,0,0
"ZPCTRMC",0,2,0,0,0
"ZMLTMON",0,2,9,0,0
"ZMLTMNC",9,2,9,0,0
"ZFLATC",0,1,9,0,0
"ZLAPTPN",0,2,0,0,0
"ZLAPTPC",0,2,0,0,0
"ZPRNTRN",0,2,9,0,0
"ZPRNTYP",0,1,9,0,0
"ZSERVER",0,2,0,0,0
"ZSERVERN",0,2,0,0,0
"ZSERVERC",0,2,0,0,0
"ZDATACNTR",9,2,9,0,0
"ZDCNTRSFC",9,9,9,9,0
"ZTRNGRM",9,2,9,0,0
"ZSTDNRM",9,2,9,0,0
"ZWBOARDS",9,1,9,9,0
"ZTVVIDEO",0,2,0,0,0
"ZTVVIDEON",9,2,9,0,0
"ZRGSTR",0,2,0,0,0
"ZRGSTRN",9,2,9,0,9
"ZCOPIER",0,2,0,0,0
"ZCOPIERN",0,2,9,0,0
"ZFAX",0,2,0,0,0
"ZLTOHRP",0,2,0,0,0
"ZLOHRPC",0,2,0,0,0
"ZLTNR24",9,9,9,0,9
"ZLTNHRP",0,2,0,0,0
"ZLNHRPC",0,2,0,0,0
"ZRDLTNF",0,0,0,0,0
"ZFLUOR",0,2,0,0,0
"ZCFLR",0,2,0,0,0
"ZBULB",0,2,0,0,0
"ZHALO",0,2,0,0,0
"ZHID",0,2,0,0,0
"ZLED",0,2,0,0,0
"ZOTLT",0,2,0,0,0
"ZFLUORP",0,2,0,0,0
"ZCFLRP",9,2,9,0,9
"ZBULBP",9,2,9,0,9
"ZHALOP",9,2,9,0,9
"ZHIDP",9,9,9,0,9
"ZLEDP",9,2,9,9,9
"ZOTLTP",9,9,9,9,9
"ZEMCSLT",9,2,9,0,0
"ZSCHED",0,2,0,0,0
"ZOCSN",0,2,0,0,0
"ZDIM",0,2,0,0,0
"ZDAYHARV",0,2,0,0,0
"ZTRIM",0,2,0,0,0
"ZPLGCTRL",0,2,0,0,0
"ZDRLGHT",0,2,0,0,0
"ZLTEXPC",0,1,0,0,0
"ZPKLT",0,1,0,0,0
"ZWINTYP",0,2,0,0,0
"ZTINT",0,2,0,0,0
"ZREFL",0,2,0,0,0
"ZAWN",0,2,0,0,0
"ZSKYLT",0,2,0,0,0
"ZDAYLTP",0,2,0,0,0
"FINALWT",1559.8286174,143.94634909,1851.6697201,17.191258213,273.99706838
"FINALWT1",1559.8286174,143.94634909,1840.2345818,17.191258213,273.99706838
"FINALWT2",1559.8286174,143.94634909,1876.6896648,17.191258213,273.99706838
"FINALWT3",1559.8286174,143.94634909,1872.491021,17.191258213,273.99706838
"FINALWT4",1559.8286174,143.94634909,1839.858393,17.191258213,273.99706838
"FINALWT5",1559.8286174,143.94634909,2768.6438625,17.191258213,273.99706838
"FINALWT6",1559.8286174,143.94634909,0,17.191258213,273.99706838
"FINALWT7",1559.8286174,143.94634909,1847.445099,17.191258213,273.99706838
"FINALWT8",1559.8286174,143.94634909,1850.5333073,17.191258213,273.99706838
"FINALWT9",1559.8286174,143.94634909,1826.0400644,17.191258213,273.99706838
"FINALWT10",1559.8286174,143.94634909,1862.4137155,17.191258213,273.99706838
"FINALWT11",1559.8286174,143.94634909,1840.4182093,17.191258213,273.99706838
"FINALWT12",1559.8286174,143.94634909,1877.3166864,17.191258213,273.99706838
"FINALWT13",1559.8286174,143.94634909,1862.7362001,17.191258213,273.99706838
"FINALWT14",1559.8286174,143.94634909,1850.0652063,17.191258213,273.99706838
"FINALWT15",1559.8286174,143.94634909,1852.3269444,17.191258213,273.99706838
"FINALWT16",1559.8286174,143.94634909,1855.3996059,17.191258213,273.99706838
"FINALWT17",1559.8286174,143.94634909,1854.1246448,17.191258213,273.99706838
"FINALWT18",1559.8286174,143.94634909,1846.515048,17.191258213,273.99706838
"FINALWT19",1559.8286174,143.94634909,1830.1752651,17.191258213,273.99706838
"FINALWT20",1559.8286174,143.94634909,1848.9292924,17.191258213,273.99706838
"FINALWT21",1579.9394018,143.94634909,1851.6697201,17.191258213,271.98416482
"FINALWT22",1553.4054074,143.94634909,1851.6697201,17.191258213,278.2916243
"FINALWT23",1554.7402653,143.94634909,1851.6697201,17.191258213,270.05476704
"FINALWT24",1573.9743134,143.94634909,1851.6697201,17.191258213,275.96821906
"FINALWT25",1559.8286174,143.94634909,1851.6697201,17.191258213,270.53226542
"FINALWT26",1559.8286174,143.94634909,1851.6697201,17.191258213,278.87451417
"FINALWT27",1559.8286174,144.36337679,1851.6697201,17.191258213,272.98734088
"FINALWT28",1559.8286174,143.75687192,1851.6697201,17.191258213,272.98734088
"FINALWT29",1559.8286174,143.94634909,1851.6697201,17.191258213,278.19197361
"FINALWT30",1559.8286174,143.94634909,1851.6697201,17.191258213,274.94226933
"FINALWT31",1559.8286174,145.22819132,1851.6697201,17.191258213,275.05731878
"FINALWT32",1559.8286174,143.3708155,1851.6697201,17.191258213,275.05731878
"FINALWT33",2322.0260346,143.94634909,1851.6697201,17.191258213,273.99706838
"FINALWT34",2324.0507808,143.94634909,1851.6697201,17.191258213,273.99706838
"FINALWT35",1548.4354099,143.94634909,1851.6697201,17.191258213,272.76092281
"FINALWT36",1584.9449088,143.94634909,1851.6697201,17.191258213,276.92739918
"FINALWT37",1559.8286174,145.21043748,1851.6697201,17.191258213,273.99706838
"FINALWT38",1559.8286174,141.41817231,1851.6697201,17.191258213,273.99706838
"FINALWT39",1559.8286174,141.74256123,1851.6697201,17.191258213,273.99706838
"FINALWT40",1559.8286174,216.88467665,1851.6697201,17.191258213,273.99706838
"FINALWT41",1559.8286174,0,1851.6697201,17.191258213,273.99706838
"FINALWT42",1559.8286174,142.52043781,1851.6697201,17.191258213,273.99706838
"FINALWT43",1559.8286174,144.94370477,1851.6697201,17.191258213,273.99706838
"FINALWT44",1559.8286174,143.89701537,1851.6697201,17.191258213,273.99706838
"FINALWT45",1559.8286174,142.21959491,1851.6697201,17.191258213,273.99706838
"FINALWT46",1559.8286174,146.51523974,1851.6697201,17.191258213,273.99706838
"FINALWT47",1559.8286174,143.97385318,1851.6697201,17.191258213,273.99706838
"FINALWT48",1559.8286174,141.76923512,1851.6697201,17.191258213,273.99706838
"FINALWT49",1559.8286174,145.64655507,1851.6697201,17.191258213,273.99706838
"FINALWT50",1559.8286174,143.94634909,1851.6697201,16.642799942,272.544486
"FINALWT51",1559.8286174,143.94634909,1851.6697201,17.39063878,273.70910276
"FINALWT52",1559.8286174,143.94634909,1851.6697201,17.078727194,273.90806465
"FINALWT53",1559.8286174,143.94634909,1851.6697201,17.175617535,268.59774065
"FINALWT54",1559.8286174,143.60514661,1851.6697201,17.191258213,273.99706838
"FINALWT55",1559.8286174,144.65216219,1851.6697201,17.191258213,273.99706838
"FINALWT56",1559.8286174,143.53912725,1851.6697201,17.191258213,273.99706838
"FINALWT57",1559.8286174,144.13967513,1851.6697201,17.191258213,273.99706838
"FINALWT58",1559.8286174,143.52990463,1851.6697201,17.007083992,275.02952831
"FINALWT59",1559.8286174,144.81437418,1851.6697201,17.274176289,275.40172975
"FINALWT60",1559.8286174,143.3258684,1851.6697201,17.192681646,273.79186294
"FINALWT61",1559.8286174,145.26695706,1851.6697201,17.190546825,274.09775037
"FINALWT62",1559.8286174,143.73671257,1851.6697201,24.696513224,271.24513826
"FINALWT63",1559.8286174,144.3743432,1851.6697201,26.094911214,275.75650388
"FINALWT64",1559.8286174,143.94634909,1851.6697201,17.375556472,270.43658453
"FINALWT65",1559.8286174,143.94634909,1851.6697201,17.168213678,275.65193064
"FINALWT66",1559.8286174,143.94634909,1851.6697201,17.00349672,276.78187735
"FINALWT67",1559.8286174,143.94634909,1851.6697201,17.398110947,282.04261174
"FINALWT68",1559.8286174,143.94634909,1851.6697201,17.191258213,273.99706838
"FINALWT69",1559.8286174,143.94634909,1851.6697201,17.191258213,273.99706838
"FINALWT70",1559.8286174,143.94634909,1851.6697201,17.191258213,273.99706838
"FINALWT71",1559.8286174,143.94634909,1851.6697201,17.191258213,273.99706838
"FINALWT72",1559.8286174,143.94634909,1851.6697201,17.191258213,273.99706838
"FINALWT73",1559.8286174,143.94634909,1851.6697201,17.191258213,273.99706838
"FINALWT74",1559.8286174,143.94634909,1851.6697201,17.191258213,273.99706838
"FINALWT75",1559.8286174,143.94634909,1851.6697201,16.995672529,273.99706838
"FINALWT76",1559.8286174,143.94634909,1851.6697201,17.645524064,273.99706838
"FINALWT77",1559.8286174,143.94634909,1851.6697201,17.191258213,273.99706838
"FINALWT78",1559.8286174,143.94634909,1851.6697201,17.191258213,273.99706838
"FINALWT79",1559.8286174,143.94634909,1851.6697201,17.0961793,273.99706838
"FINALWT80",1559.8286174,143.94634909,1851.6697201,17.191258213,273.99706838
"FINALWT81",1559.8286174,143.94634909,1851.6697201,16.804860884,269.06090441
"FINALWT82",1559.8286174,143.94634909,1851.6697201,17.18376919,272.05169651
"FINALWT83",1559.8286174,143.94634909,1851.6697201,17.276960746,273.99706838
"FINALWT84",1559.8286174,143.94634909,1851.6697201,17.16988977,275.63683343
"FINALWT85",1559.8286174,143.94634909,1851.6697201,17.174285627,269.56482816
"FINALWT86",1559.8286174,143.94634909,1851.6697201,17.247782188,273.99706838
"FINALWT87",1559.8286174,143.94634909,1851.6697201,17.191258213,273.99706838
"FINALWT88",1559.8286174,143.94634909,1851.6697201,17.191258213,273.99706838
"FINALWT89",1559.8286174,143.94634909,1851.6697201,17.191258213,273.99706838
"FINALWT90",1559.8286174,145.57277,1851.6697201,17.191258213,273.99706838
"FINALWT91",1559.8286174,143.94634909,1851.6697201,17.191258213,273.99706838
"FINALWT92",1559.8286174,143.94634909,1851.6697201,17.234480509,273.99706838
"FINALWT93",1559.8286174,143.94634909,1851.6697201,17.191258213,273.99706838
"FINALWT94",1526.6934037,143.94634909,1851.6697201,17.191258213,273.99706838
"FINALWT95",1559.8286174,143.94634909,1851.6697201,17.193845979,554.82683839
"FINALWT96",1559.8286174,143.94634909,1851.6697201,17.191258213,273.38326196
"FINALWT97",1559.8286174,143.94634909,1841.7952161,17.191258213,273.99706838
"FINALWT98",1559.8286174,143.94634909,1851.6697201,17.163285898,277.48180392
"FINALWT99",1559.8286174,143.94634909,1844.3468041,17.191258213,273.99706838
"FINALWT100",1559.8286174,143.94634909,1851.6697201,17.191258213,271.8765676
"FINALWT101",1559.8286174,143.94634909,1851.6697201,17.191258213,273.99706838
"FINALWT102",1559.8286174,143.26331178,1851.6697201,17.191258213,273.99706838
"FINALWT103",1559.8286174,143.94634909,1851.6697201,17.09484252,272.13789834
"FINALWT104",1559.8286174,143.94634909,1859.8122354,17.191258213,273.99706838
"FINALWT105",1559.8286174,143.94634909,1851.6697201,17.191258213,273.99706838
"FINALWT106",1559.8286174,143.94634909,1851.6697201,17.191258213,273.9633075
"FINALWT107",1559.8286174,143.94634909,1855.8141227,17.191258213,273.99706838
"FINALWT108",1559.8286174,143.94634909,1851.6697201,17.191258213,273.99706838
"FINALWT109",1559.8286174,143.94634909,1826.0473393,17.191258213,273.99706838
"FINALWT110",1559.8286174,143.94634909,1851.6697201,17.191258213,275.70373254
"FINALWT111",1559.8286174,143.94634909,1851.6697201,17.132776196,273.99706838
"FINALWT112",1559.8286174,143.94634909,1851.6697201,17.191258213,273.99706838
"FINALWT113",1559.8286174,143.94634909,1851.6697201,17.180934157,273.99706838
"FINALWT114",1559.8286174,143.94634909,1851.6697201,17.198771578,273.99706838
"FINALWT115",1559.8286174,143.94634909,1851.6697201,17.198771578,273.99706838
"FINALWT116",1559.8286174,143.94634909,1851.6697201,17.189835656,273.99706838
"FINALWT117",1559.8286174,143.94634909,1851.6697201,17.18376919,273.99706838
"FINALWT118",1559.8286174,143.94634909,1851.6697201,17.195126958,273.99706838
"FINALWT119",1559.8286174,143.94634909,1851.6697201,17.191258213,273.99706838
"FINALWT120",1559.8286174,143.94634909,1851.6697201,17.191258213,273.99706838
"FINALWT121",1559.8286174,143.94634909,1851.6697201,17.191258213,273.99706838
"FINALWT122",1559.8286174,143.94634909,1851.6697201,17.191258213,273.99706838
"FINALWT123",1559.8286174,143.94634909,1851.6697201,17.191258213,273.99706838
"FINALWT124",1559.8286174,143.94634909,1851.6697201,17.198995703,273.99706838
"FINALWT125",1559.8286174,143.94634909,1851.6697201,17.191258213,273.99706838
"FINALWT126",1559.8286174,143.94634909,1851.6697201,17.191258213,273.99706838
"FINALWT127",1559.8286174,143.94634909,1851.6697201,17.198771578,273.99706838
"FINALWT128",1559.8286174,143.94634909,1851.6697201,17.191258213,273.99706838
"FINALWT129",1559.8286174,143.94634909,1851.6697201,17.191258213,273.99706838
"FINALWT130",1559.8286174,143.94634909,1851.6697201,17.163408524,273.99706838
"FINALWT131",1559.8286174,143.94634909,1851.6697201,17.191258213,273.99706838
"FINALWT132",1559.8286174,143.94634909,1851.6697201,17.191258213,273.99706838
"FINALWT133",1559.8286174,143.94634909,1851.6697201,17.191258213,273.99706838
"FINALWT134",1559.8286174,143.94634909,1851.6697201,17.191258213,273.99706838
"FINALWT135",1559.8286174,143.94634909,1851.6697201,17.216756563,273.99706838
"FINALWT136",1559.8286174,143.94634909,1851.6697201,17.191258213,273.99706838
"FINALWT137",1559.8286174,143.94634909,1851.6697201,17.191258213,273.99706838
"FINALWT138",1559.8286174,143.94634909,1851.6697201,17.191258213,273.99706838
"FINALWT139",1559.8286174,143.94634909,1851.6697201,17.191258213,273.99706838
"FINALWT140",1559.8286174,143.94634909,1851.6697201,17.191258213,273.99706838
"FINALWT141",1559.8286174,143.94634909,1851.6697201,17.191258213,273.99706838
"FINALWT142",1559.8286174,143.94634909,1851.6697201,17.191258213,273.99706838
"FINALWT143",1559.8286174,143.94634909,1851.6697201,17.18376919,273.99706838
"FINALWT144",1559.8286174,143.94634909,1851.6697201,17.191258213,273.99706838
"FINALWT145",1559.8286174,143.94634909,1851.6697201,17.191258213,273.99706838
"FINALWT146",1559.8286174,143.94634909,1851.6697201,17.191258213,273.99706838
"FINALWT147",1559.8286174,143.94634909,1851.6697201,17.191258213,273.99706838
"FINALWT148",1559.8286174,143.94634909,1851.6697201,17.191258213,273.99706838
"FINALWT149",1559.8286174,143.94634909,1851.6697201,17.191258213,273.99706838
"FINALWT150",1559.8286174,143.94634909,1851.6697201,17.191258213,273.99706838
"FINALWT151",1559.8286174,143.94634909,1851.6697201,17.191258213,273.99706838
"FINALWT152",1559.8286174,143.94634909,1851.6697201,17.191258213,273.99706838
"FINALWT153",1559.8286174,143.94634909,1851.6697201,17.191258213,273.99706838
"FINALWT154",1559.8286174,143.94634909,1851.6697201,17.191258213,273.99706838
"FINALWT155",1559.8286174,143.94634909,1851.6697201,17.191258213,273.99706838
"FINALWT156",1559.8286174,143.94634909,1851.6697201,17.188544125,273.99706838
"FINALWT157",1559.8286174,143.94634909,1851.6697201,17.191258213,273.99706838
"FINALWT158",1559.8286174,143.94634909,1851.6697201,17.191258213,273.99706838
"FINALWT159",1559.8286174,143.94634909,1851.6697201,17.191258213,273.99706838
"FINALWT160",1559.8286174,143.94634909,1851.6697201,17.185833223,273.99706838
"FINALWT161",1559.8286174,143.94634909,1851.6697201,17.193975491,273.99706838
"FINALWT162",1559.8286174,143.94634909,1851.6697201,17.191258213,273.99706838
"FINALWT163",1559.8286174,143.94634909,1851.6697201,17.191258213,273.99706838
"FINALWT164",1559.8286174,143.94634909,1851.6697201,17.191258213,273.99706838
"FINALWT165",1559.8286174,143.94634909,1851.6697201,17.191258213,273.99706838
"FINALWT166",1559.8286174,143.94634909,1851.6697201,17.191258213,273.99706838
"FINALWT167",1559.8286174,143.94634909,1851.6697201,17.191258213,273.99706838
"FINALWT168",1559.8286174,143.94634909,1851.6697201,17.191258213,273.99706838
"FINALWT169",1559.8286174,143.94634909,1851.6697201,17.191258213,273.99706838
"FINALWT170",1559.8286174,143.94634909,1851.6697201,17.191258213,273.99706838
"FINALWT171",1559.8286174,143.94634909,1851.6697201,17.191258213,273.99706838
"FINALWT172",1559.8286174,143.94634909,1851.6697201,17.191258213,273.99706838
"FINALWT173",1559.8286174,143.94634909,1851.6697201,17.191258213,273.99706838
"FINALWT174",1559.8286174,143.94634909,1851.6697201,17.191258213,273.99706838
"FINALWT175",1559.8286174,143.94634909,1851.6697201,17.191258213,273.99706838
"FINALWT176",1559.8286174,143.94634909,1851.6697201,17.191258213,273.99706838
"FINALWT177",1559.8286174,143.94634909,1851.6697201,17.191258213,273.99706838
"FINALWT178",1559.8286174,143.94634909,1851.6697201,17.191258213,273.99706838
"FINALWT179",1559.8286174,143.94634909,1851.6697201,17.191258213,273.99706838
"FINALWT180",1559.8286174,143.94634909,1851.6697201,17.191258213,273.99706838
"FINALWT181",1559.8286174,143.94634909,1851.6697201,17.191258213,273.99706838
"FINALWT182",1559.8286174,143.94634909,1851.6697201,17.191258213,273.99706838
"FINALWT183",1559.8286174,143.94634909,1851.6697201,17.191258213,273.99706838
"FINALWT184",1559.8286174,143.94634909,1851.6697201,17.191258213,273.99706838
"FINALWT185",1559.8286174,143.94634909,1851.6697201,17.191258213,273.99706838
"FINALWT186",1559.8286174,143.94634909,1851.6697201,17.191258213,273.99706838
"FINALWT187",1559.8286174,143.94634909,1851.6697201,17.191258213,273.99706838
"FINALWT188",1559.8286174,143.94634909,1851.6697201,17.191258213,273.99706838
"FINALWT189",1559.8286174,143.94634909,1851.6697201,17.191258213,273.99706838
"FINALWT190",1559.8286174,143.94634909,1851.6697201,17.191258213,273.99706838
"FINALWT191",1559.8286174,143.94634909,1851.6697201,17.191258213,273.99706838
"FINALWT192",1559.8286174,143.94634909,1851.6697201,17.191258213,273.99706838
"FINALWT193",1559.8286174,143.94634909,1851.6697201,17.191258213,273.99706838
"FINALWT194",1559.8286174,143.94634909,1851.6697201,17.191258213,273.99706838
"FINALWT195",1559.8286174,143.94634909,1851.6697201,17.191258213,273.99706838
"FINALWT196",1559.8286174,143.94634909,1851.6697201,17.191258213,273.99706838
"FINALWT197",1559.8286174,143.94634909,1851.6697201,17.191258213,273.99706838
"HDD65",6647,3659,5079,2399,813
"CDD65",1100,1634,899,2290,4144
"MFUSED",1,1,1,1,1
"MFBTU",26934,5889672,38893,48437214,1916844
"MFEXP",892,173448,1585,623474,46568
"ELCNS",6081,1581997,11399,10932350,447453
"ELBTU",20748,5397774,38893,37301178,1526710
"ELEXP",741,168712,1585,448720,38917
"NGCNS",NA,4799,NA,37456,NA
"NGBTU",NA,491898,NA,3839240,NA
"NGEXP",NA,4736,NA,29507,NA
"FKCNS",45,NA,NA,9091,161
"FKBTU",6186,NA,NA,1249796,22134
"FKEXP",151,NA,NA,31022,672
"DHUSED",2,2,2,1,1
"DHHT1",NA,NA,NA,1,1
"DHHT2",NA,NA,NA,2,2
"DHCOOL",NA,NA,NA,2,2
"DHCOOK",NA,NA,NA,2,2
"DHWATR",NA,NA,NA,2,1
"DHMANU",NA,NA,NA,2,2
"DHOTH",NA,NA,NA,2,2
"DHCNS",NA,NA,NA,6047,368
"DHBTU",NA,NA,NA,6047000,368000
"DHEXP",NA,NA,NA,114225,6979
"ZMFBTU",2,1,0,2,2
"ZMFEXP",3,3,3,3,3
"ZELCNS",0,1,0,0,2
"ZELEXP",0,3,3,0,3
"ZNGCNS",9,1,9,0,9
"ZNGEXP",9,3,9,0,9
"ZFKCNS",2,9,9,2,0
"ZFKEXP",3,9,9,3,0
"ZDHCNS",9,9,9,2,2
"ZDHEXP",9,9,9,3,3
"MFHTBTU",5212,515968,0,7690887,322542
"MFCLBTU",646,765271,0,1709273,21305
"MFVNBTU",371,1356496,0,8981761,532929
"MFWTBTU",17,212769,1098,2199474,45458
"MFLTBTU",7259,989247,2171,2889646,414293
"MFCKBTU",0,112969,0,6139117,0
"MFRFBTU",579,723187,28891,5009044,12696
"MFOFBTU",1265,251960,0,3404782,61483
"MFPCBTU",1471,153876,0,322992,235894
"MFOTBTU",10114,807929,6733,10090238,270244
"ELHTBTU",5212,135096,0,1643887,0
"ELCLBTU",646,765271,0,1709273,21305
"ELVNBTU",371,1356496,0,8981761,532929
"ELWTBTU",17,101743,1098,0,0
"ELLTBTU",7259,989247,2171,2889646,414293
"ELCKBTU",0,112969,0,4499351,0
"ELRFBTU",579,723187,28891,5009044,12696
"ELOFBTU",1265,251960,0,3404782,61483
"ELPCBTU",1471,153876,0,322992,235894
"ELOTBTU",3928,807929,6733,8840442,248110
"NGHTBTU",NA,380872,NA,0,NA
"NGCLBTU",NA,0,NA,0,NA
"NGWTBTU",NA,111026,NA,2199474,NA
"NGCKBTU",NA,0,NA,1639766,NA
"NGOTBTU",NA,0,NA,0,NA
"FKHTBTU",0,NA,NA,0,0
"FKCLBTU",0,NA,NA,0,0
"FKWTBTU",0,NA,NA,0,0
"FKCKBTU",0,NA,NA,0,0
"FKOTBTU",6186,NA,NA,1249796,22134
"DHHTBTU",NA,NA,NA,6047000,322542
"DHCLBTU",NA,NA,NA,0,0
"DHWTBTU",NA,NA,NA,0,45458
"DHCKBTU",NA,NA,NA,0,0
"DHOTBTU",NA,NA,NA,0,0
"PUBCLIM",1,2,1,2,3
